{"train_loss_step":1.16105055809021,"trainer/global_step":143,"_wandb":{"runtime":372},"_timestamp":1.7423228524295158e+09,"_runtime":369.8189318,"_step":163,"val_loss_step":1.1655842065811157,"epoch":17,"val_loss_epoch":1.6326656341552734,"train_loss_epoch":1.4373292922973633}