{"_runtime":404.447234,"_timestamp":1.7423220325753753e+09,"val_loss_step":1.075256109237671,"trainer/global_step":143,"_step":163,"val_loss_epoch":1.2473727464675903,"_wandb":{"runtime":407},"epoch":17,"train_loss_epoch":1.1970391273498535,"train_loss_step":1.0872714519500732}